title,area,price,style_1,style_2,style_3,style_4,link
板橋捷運❤️租補❤️採光❤️租金含管理,環遊世界 板橋區-中正路,"32,998元/月",整層住家,3房2廳,36.1坪,11F/21F,https://rent.591.com.tw/16665854
板橋國泰街公寓,板橋區-國泰街,"9,800元/月",獨立套房,7坪,4F/5F,,https://rent.591.com.tw/16694637
"立信吾界房坡平車位,金鈴幫你搶 優選好屋",立信吾界 板橋區-華江一路,"39,000元/月",整層住家,3房2廳,23.7坪,5F/14F,https://rent.591.com.tw/16716945
興富發大美高樓2+1房+平面車位 優選好屋,興富發大美 板橋區-華江九路,"36,000元/月",整層住家,3房2廳,25.7坪,12F/17F,https://rent.591.com.tw/16737939
府中電梯1房1廳/24小時保全/先搶先贏,大順小財神 板橋區-南雅東路,"20,000元/月",獨立套房,12.5坪,11F/11F,,https://rent.591.com.tw/16708420
🔥帝國花園溫馨套房❤️❤️有車位！！ 優選好屋,新外灘6-立信帝國花園廣場 板橋區-華江一路,"26,500元/月",獨立套房,25.1坪,13F/19F,,https://rent.591.com.tw/16714770
✨聯上涵翠質感兩房✨質感社區✨,聯上涵翠 板橋區-華江一路,"28,500元/月",整層住家,2房1廳,17.2坪,2F/17F,https://rent.591.com.tw/16696393
畫世紀x電梯x今天可看屋 優選好屋,畫世紀 板橋區-漢生東路,"32,000元/月",整層住家,1房1廳,23.4坪,15F/29F,https://rent.591.com.tw/16720698
板新捷運站&可養貓&可租補 優選好屋,板橋區-民生路一段,"15,000元/月",獨立套房,8坪,3F/4F,,https://rent.591.com.tw/16709388
徐匯中學站溫馨優質房（限女性） 優選好屋,三重區-仁愛街,"6,800元/月",獨立套房,3坪,5F/5F,,https://rent.591.com.tw/14201588
新埔ㄧ手裝潢2房1廳、可貓、新海商圈,板橋區-陽明街279巷,"26,500元/月",整層住家,2房1廳,18坪,5F/5F,https://rent.591.com.tw/16618573
重慶幸福3房,板橋區-和平路52巷1號,"21,000元/月",整層住家,3房2廳,23.5坪,5F/5F,https://rent.591.com.tw/16669624
一樓獨立門套房步行三重國小捷運站約3分鐘 優選好屋,三重區-安慶街,"17,000元/月",獨立套房,9.5坪,1F/4F,,https://rent.591.com.tw/16729807
海洋都心景觀四房雙車免仲介費可入戶籍補助,達欣海都 NO.3 淡水區-新市三路二段,"32,258元/月",整層住家,4房2廳,69.4坪,10F/28F,https://rent.591.com.tw/16729195
安慶街一樓分租套房文化北路近三重國小捷運 優選好屋,三重區-安慶街,"11,000元/月",分租套房,6坪,1F/4F,,https://rent.591.com.tw/16741697
海洋都心景觀兩房免仲介費可入戶籍申請補助,達欣海都 NO.3 淡水區-新市三路二段,"19,099元/月",整層住家,2房1廳,29.4坪,12F/29F,https://rent.591.com.tw/16729184
海洋都心三期景觀四房雙車免仲介費可入戶籍,達欣海都 NO.3 淡水區-新市三路二段,"28,633元/月",整層住家,4房2廳,68.8坪,20F/29F,https://rent.591.com.tw/16729169
秒殺百萬裝潢小豪宅雙捷運超強收納 優選好屋,鄉林恆美 三重區-興德路,"32,000元/月",整層住家,1房1廳,20.1坪,12F/15F,https://rent.591.com.tw/16744386
🍎秒殺聯上涵翠稀有2房近公園捷運🍎 優選好屋,聯上涵翠 板橋區-華江一路,"28,500元/月",整層住家,2房1廳,17.2坪,2F/17F,https://rent.591.com.tw/16717613
稀有*獨立一房2廳+大夾層*高檔家具電齊,新巨蛋 板橋區-文化路一段,"30,000元/月",獨立套房,樓中樓,16.4坪,31F/43F,https://rent.591.com.tw/16576471
🏆江南大宅美美的2房禁止寵物🏆,台北灣-江南大宅 淡水區-沙崙路一段,"24,000元/月",整層住家,2房2廳,36.9坪,22F/23F,https://rent.591.com.tw/16647275
新興國小電梯2+1房,書香大第 淡水區-新興街,"18,500元/月",整層住家,3房2廳,38.2坪,7F/10F,https://rent.591.com.tw/16738419
🍎宏盛水悅清新採光三房車🍎住商衣羚,宏盛水悅 淡水區-新市三路一段108號,"25,000元/月",整層住家,3房2廳,46.4坪,5F/26F,https://rent.591.com.tw/16717487
全新交屋🎉大兩房🎉車位可談,唐璽欣璞綻 板橋區-民生路二段240巷,"40,000元/月",整層住家,2房2廳,38.4坪,11F/25F,https://rent.591.com.tw/16637256
三重長壽低樓層膝蓋不痛買房找樺樺,三重區-長壽街,"20,000元/月",整層住家,2房1廳,22坪,2F/5F,https://rent.591.com.tw/16741500
*新巨蛋*採光棒*夾層收納多,新巨蛋 板橋區-文化路一段,"22,500元/月",獨立套房,樓中樓,12.9坪,10F/40F,https://rent.591.com.tw/16667204
稀有高樓*新巨蛋*景觀棒*美裝潢,新巨蛋 板橋區-文化路一段,"23,500元/月",獨立套房,樓中樓,12.4坪,38F/40F,https://rent.591.com.tw/16698492
近台北橋✨家具更新✨機能強✨可租補 優選好屋,佳昌大都會九期 三重區-成功路110號,"15,500元/月",獨立套房,10.9坪,3F/27F,,https://rent.591.com.tw/16732577
✔可租補✔免仲介✔淡水河美景✔出站即到家,山林海大廈 淡水區-中正東路二段,"28,000元/月",整層住家,2房1廳,23.1坪,5F/15F,https://rent.591.com.tw/16713892
摩天31景觀美3房(附傢俱家電),摩天31 淡水區-中山北路一段,"20,000元/月",整層住家,3房2廳,32.8坪,18F/31F,https://rent.591.com.tw/16706376
