title,link,addr,style,size,floor,price
板橋捷運❤️租補❤️採光❤️租金含管理,https://rent.591.com.tw/16665854,環遊世界 板橋區-中正路,3房2廳,36.1坪,11F/21F,"32,998元/月"
"立信吾界房坡平車位,金鈴幫你搶 優選好屋",https://rent.591.com.tw/16716945,立信吾界 板橋區-華江一路,3房2廳,23.7坪,5F/14F,"39,000元/月"
興富發大美高樓2+1房+平面車位 優選好屋,https://rent.591.com.tw/16737939,興富發大美 板橋區-華江九路,3房2廳,25.7坪,12F/17F,"36,000元/月"
✨聯上涵翠質感兩房✨質感社區✨,https://rent.591.com.tw/16696393,聯上涵翠 板橋區-華江一路,2房1廳,17.2坪,2F/17F,"28,500元/月"
畫世紀x電梯x今天可看屋 優選好屋,https://rent.591.com.tw/16720698,畫世紀 板橋區-漢生東路,1房1廳,23.4坪,15F/29F,"32,000元/月"
新埔ㄧ手裝潢2房1廳、可貓、新海商圈,https://rent.591.com.tw/16618573,板橋區-陽明街279巷,2房1廳,18坪,5F/5F,"26,500元/月"
重慶幸福3房,https://rent.591.com.tw/16669624,板橋區-和平路52巷1號,3房2廳,23.5坪,5F/5F,"21,000元/月"
海洋都心景觀四房雙車免仲介費可入戶籍補助,https://rent.591.com.tw/16729195,達欣海都 NO.3 淡水區-新市三路二段,4房2廳,69.4坪,10F/28F,"32,258元/月"
海洋都心景觀兩房免仲介費可入戶籍申請補助,https://rent.591.com.tw/16729184,達欣海都 NO.3 淡水區-新市三路二段,2房1廳,29.4坪,12F/29F,"19,099元/月"
海洋都心三期景觀四房雙車免仲介費可入戶籍,https://rent.591.com.tw/16729169,達欣海都 NO.3 淡水區-新市三路二段,4房2廳,68.8坪,20F/29F,"28,633元/月"
秒殺百萬裝潢小豪宅雙捷運超強收納 優選好屋,https://rent.591.com.tw/16744386,鄉林恆美 三重區-興德路,1房1廳,20.1坪,12F/15F,"32,000元/月"
🍎秒殺聯上涵翠稀有2房近公園捷運🍎 優選好屋,https://rent.591.com.tw/16717613,聯上涵翠 板橋區-華江一路,2房1廳,17.2坪,2F/17F,"28,500元/月"
稀有*獨立一房2廳+大夾層*高檔家具電齊,https://rent.591.com.tw/16576471,新巨蛋 板橋區-文化路一段,樓中樓,16.4坪,31F/43F,"30,000元/月"
🏆江南大宅美美的2房禁止寵物🏆,https://rent.591.com.tw/16647275,台北灣-江南大宅 淡水區-沙崙路一段,2房2廳,36.9坪,22F/23F,"24,000元/月"
新興國小電梯2+1房,https://rent.591.com.tw/16738419,書香大第 淡水區-新興街,3房2廳,38.2坪,7F/10F,"18,500元/月"
🍎宏盛水悅清新採光三房車🍎住商衣羚,https://rent.591.com.tw/16717487,宏盛水悅 淡水區-新市三路一段108號,3房2廳,46.4坪,5F/26F,"25,000元/月"
全新交屋🎉大兩房🎉車位可談,https://rent.591.com.tw/16637256,唐璽欣璞綻 板橋區-民生路二段240巷,2房2廳,38.4坪,11F/25F,"40,000元/月"
三重長壽低樓層膝蓋不痛買房找樺樺,https://rent.591.com.tw/16741500,三重區-長壽街,2房1廳,22坪,2F/5F,"20,000元/月"
*新巨蛋*採光棒*夾層收納多,https://rent.591.com.tw/16667204,新巨蛋 板橋區-文化路一段,樓中樓,12.9坪,10F/40F,"22,500元/月"
稀有高樓*新巨蛋*景觀棒*美裝潢,https://rent.591.com.tw/16698492,新巨蛋 板橋區-文化路一段,樓中樓,12.4坪,38F/40F,"23,500元/月"
✔可租補✔免仲介✔淡水河美景✔出站即到家,https://rent.591.com.tw/16713892,山林海大廈 淡水區-中正東路二段,2房1廳,23.1坪,5F/15F,"28,000元/月"
摩天31景觀美3房(附傢俱家電),https://rent.591.com.tw/16706376,摩天31 淡水區-中山北路一段,3房2廳,32.8坪,18F/31F,"20,000元/月"
